hours_studied,practice_quizzes,attendance_pct,sleep_hours,prior_score,engagement_score,actual_score,predicted_score,residual
9.0,6,98,8.0,82,8.82,95,95.6068241469815,-0.606824146981495
3.5,2,80,6.5,61,2.8000000000000003,68,68.68136482939636,-0.6813648293963581
7.5,5,94,8.0,73,7.05,87,87.16377952755897,-0.1637795275589724
