,precision,recall,f1-score,support
Adelie,1.0,1.0,1.0,30.0
Chinstrap,1.0,0.9285714285714286,0.9629629629629629,14.0
Gentoo,0.9615384615384616,1.0,0.9803921568627451,25.0
accuracy,0.9855072463768116,0.9855072463768116,0.9855072463768116,0.9855072463768116
macro avg,0.9871794871794872,0.9761904761904763,0.981118373275236,69.0
weighted avg,0.9860646599777035,0.9855072463768116,0.9853809478702915,69.0
